symbol,frame,datetime,open,high,low,close,volume
MGOL,1m,2/7/25 1:00,0.3106,0.3599,0.3106,0.3386,24030
MGOL,1m,2/7/25 1:01,0.3386,0.3388,0.3265,0.3265,11337
MGOL,1m,2/7/25 1:02,0.329,0.3352,0.324,0.3288,8203
MGOL,1m,2/7/25 1:03,0.3251,0.3275,0.308,0.3123,8875
MGOL,1m,2/7/25 1:04,0.3124,0.318,0.311,0.3124,5318
MGOL,1m,2/7/25 1:05,0.3124,0.3145,0.2852,0.3011,11921
MGOL,1m,2/7/25 1:06,0.3008,0.3099,0.2995,0.3069,4510
MGOL,1m,2/7/25 1:07,0.305,0.3116,0.3038,0.3115,4021
MGOL,1m,2/7/25 1:08,0.3118,0.3144,0.3106,0.3137,2757
MGOL,1m,2/7/25 1:09,0.3134,0.3137,0.3028,0.3046,3931
MGOL,1m,2/7/25 1:10,0.304,0.305,0.2903,0.2954,5148
MGOL,1m,2/7/25 1:11,0.2954,0.3033,0.2937,0.295,2532
MGOL,1m,2/7/25 1:12,0.295,0.309,0.295,0.3062,2954
MGOL,1m,2/7/25 1:13,0.3064,0.3089,0.3029,0.3042,2119
MGOL,1m,2/7/25 1:14,0.3041,0.3043,0.2999,0.3022,1824
MGOL,1m,2/7/25 1:15,0.3022,0.3022,0.3001,0.3005,1570
MGOL,1m,2/7/25 1:16,0.3006,0.301,0.295,0.2955,3097
MGOL,1m,2/7/25 1:17,0.2954,0.3039,0.2936,0.2985,1834
MGOL,1m,2/7/25 1:18,0.2985,0.3007,0.297,0.3,1815
MGOL,1m,2/7/25 1:19,0.3006,0.31,0.2993,0.3086,3657
MGOL,1m,2/7/25 1:20,0.3085,0.316,0.306,0.3159,2971
MGOL,1m,2/7/25 1:21,0.3155,0.318,0.3048,0.3096,4995
MGOL,1m,2/7/25 1:22,0.309,0.315,0.306,0.31,2024
MGOL,1m,2/7/25 1:23,0.3101,0.3134,0.3015,0.3068,1935
MGOL,1m,2/7/25 1:24,0.3056,0.3097,0.3022,0.3025,1346
MGOL,1m,2/7/25 1:25,0.3025,0.3084,0.3,0.3051,1848
MGOL,1m,2/7/25 1:26,0.3051,0.3085,0.302,0.3034,983
MGOL,1m,2/7/25 1:27,0.303,0.304,0.3006,0.3027,1197
MGOL,1m,2/7/25 1:28,0.3022,0.3072,0.3012,0.3071,1210
MGOL,1m,2/7/25 1:29,0.3071,0.3145,0.3059,0.3114,3384
MGOL,1m,2/7/25 1:30,0.3117,0.3127,0.307,0.307,2324
MGOL,1m,2/7/25 1:31,0.307,0.311,0.3031,0.3109,2463
MGOL,1m,2/7/25 1:32,0.3108,0.3144,0.31,0.3136,2877
MGOL,1m,2/7/25 1:33,0.3144,0.3165,0.311,0.3128,3220
MGOL,1m,2/7/25 1:34,0.3112,0.3127,0.3071,0.308,1462
MGOL,1m,2/7/25 1:35,0.308,0.3102,0.3073,0.3096,1128
MGOL,1m,2/7/25 1:36,0.3095,0.3096,0.305,0.3087,1715
MGOL,1m,2/7/25 1:37,0.3092,0.316,0.305,0.3098,2836
MGOL,1m,2/7/25 1:38,0.3085,0.3122,0.307,0.31,1374
MGOL,1m,2/7/25 1:39,0.31,0.3103,0.306,0.3097,1692
MGOL,1m,2/7/25 1:40,0.3094,0.3098,0.3063,0.3073,799
MGOL,1m,2/7/25 1:41,0.3082,0.309,0.3069,0.308,775
MGOL,1m,2/7/25 1:42,0.308,0.309,0.3071,0.3076,789
MGOL,1m,2/7/25 1:43,0.308,0.308,0.3055,0.3066,1062
MGOL,1m,2/7/25 1:44,0.3063,0.3077,0.3061,0.3067,1511
MGOL,1m,2/7/25 1:45,0.3063,0.3067,0.3041,0.3047,1944
MGOL,1m,2/7/25 1:46,0.3045,0.3049,0.2993,0.301,2763
MGOL,1m,2/7/25 1:47,0.301,0.3011,0.2972,0.2972,3857
MGOL,1m,2/7/25 1:48,0.2975,0.2976,0.292,0.2922,3937
MGOL,1m,2/7/25 1:49,0.2924,0.298,0.2922,0.298,1927
MGOL,1m,2/7/25 1:50,0.2975,0.3038,0.2975,0.2998,1275
MGOL,1m,2/7/25 1:51,0.3,0.3025,0.2998,0.301,1592
MGOL,1m,2/7/25 1:52,0.3006,0.302,0.2998,0.3008,900
MGOL,1m,2/7/25 1:53,0.3,0.3008,0.2991,0.2991,422
MGOL,1m,2/7/25 1:54,0.2997,0.3,0.298,0.2993,721
MGOL,1m,2/7/25 1:55,0.2993,0.2993,0.2956,0.2969,863
MGOL,1m,2/7/25 1:56,0.2969,0.2995,0.2969,0.2994,494
MGOL,1m,2/7/25 1:57,0.299,0.299,0.2952,0.2957,627
MGOL,1m,2/7/25 1:58,0.2962,0.2987,0.2958,0.2982,901
MGOL,1m,2/7/25 1:59,0.2982,0.2983,0.2959,0.2971,520
MGOL,1m,2/7/25 2:00,0.2976,0.2978,0.296,0.2977,746
MGOL,1m,2/7/25 2:01,0.2977,0.2987,0.296,0.2964,533
MGOL,1m,2/7/25 2:02,0.2963,0.2965,0.2932,0.2946,1471
MGOL,1m,2/7/25 2:03,0.2946,0.2959,0.2903,0.2903,2234
MGOL,1m,2/7/25 2:04,0.2907,0.292,0.2861,0.2874,3584
MGOL,1m,2/7/25 2:05,0.2882,0.2892,0.2834,0.284,3231
MGOL,1m,2/7/25 2:06,0.2837,0.284,0.2765,0.2777,8352
MGOL,1m,2/7/25 2:07,0.2778,0.2813,0.2772,0.278,4306
MGOL,1m,2/7/25 2:08,0.2789,0.2789,0.2686,0.2686,6293
MGOL,1m,2/7/25 2:09,0.27,0.2722,0.2661,0.2722,5170
MGOL,1m,2/7/25 2:10,0.2735,0.2793,0.271,0.2761,4234
MGOL,1m,2/7/25 2:11,0.2762,0.2813,0.2746,0.2777,2666
MGOL,1m,2/7/25 2:12,0.2763,0.2785,0.2722,0.275,1724
MGOL,1m,2/7/25 2:13,0.275,0.2762,0.2701,0.273,1773
MGOL,1m,2/7/25 2:14,0.2729,0.2798,0.2729,0.2788,916
MGOL,1m,2/7/25 2:15,0.2788,0.2834,0.2756,0.2806,1793
MGOL,1m,2/7/25 2:16,0.2813,0.2824,0.2765,0.28,2739
MGOL,1m,2/7/25 2:17,0.2805,0.283,0.28,0.2822,1211
MGOL,1m,2/7/25 2:18,0.283,0.285,0.2822,0.2845,1067
MGOL,1m,2/7/25 2:19,0.284,0.291,0.284,0.2872,2139
MGOL,1m,2/7/25 2:20,0.2885,0.292,0.2872,0.2909,1682
MGOL,1m,2/7/25 2:21,0.2915,0.299,0.29,0.2902,2492
MGOL,1m,2/7/25 2:22,0.29,0.2905,0.2865,0.2877,1411
MGOL,1m,2/7/25 2:23,0.2865,0.2875,0.2815,0.2867,1973
MGOL,1m,2/7/25 2:24,0.2862,0.2868,0.2857,0.2859,518
MGOL,1m,2/7/25 2:25,0.2859,0.286,0.2822,0.2822,812
MGOL,1m,2/7/25 2:26,0.2822,0.2832,0.2765,0.2778,2569
MGOL,1m,2/7/25 2:27,0.2778,0.2836,0.2755,0.2819,1676
MGOL,1m,2/7/25 2:28,0.2805,0.287,0.2805,0.2852,1177
MGOL,1m,2/7/25 2:29,0.2852,0.288,0.284,0.2858,799
MGOL,1m,2/7/25 2:30,0.2855,0.2878,0.2822,0.2833,583
MGOL,1m,2/7/25 2:31,0.2833,0.2839,0.2799,0.2839,855
MGOL,1m,2/7/25 2:32,0.28,0.2839,0.2778,0.2811,610
MGOL,1m,2/7/25 2:33,0.282,0.2842,0.281,0.2834,313
MGOL,1m,2/7/25 2:34,0.2834,0.2835,0.28,0.2803,360
MGOL,1m,2/7/25 2:35,0.2808,0.2808,0.2792,0.2798,380
MGOL,1m,2/7/25 2:36,0.2798,0.2808,0.278,0.279,713
MGOL,1m,2/7/25 2:37,0.2789,0.2811,0.2778,0.2778,945
MGOL,1m,2/7/25 2:38,0.2778,0.2806,0.2765,0.2806,518
MGOL,1m,2/7/25 2:39,0.2793,0.2802,0.277,0.277,484
MGOL,1m,2/7/25 2:40,0.2772,0.2795,0.277,0.2771,297
MGOL,1m,2/7/25 2:41,0.2797,0.28,0.277,0.2798,552
MGOL,1m,2/7/25 2:42,0.2792,0.2799,0.278,0.2796,353
MGOL,1m,2/7/25 2:43,0.2796,0.2797,0.2792,0.2796,542
MGOL,1m,2/7/25 2:44,0.2797,0.283,0.277,0.2807,1682
MGOL,1m,2/7/25 2:45,0.2801,0.2813,0.279,0.2793,987
MGOL,1m,2/7/25 2:46,0.2798,0.2798,0.276,0.2765,951
MGOL,1m,2/7/25 2:47,0.2764,0.2792,0.2761,0.2776,1056
MGOL,1m,2/7/25 2:48,0.2772,0.2792,0.276,0.2763,504
MGOL,1m,2/7/25 2:49,0.2763,0.2764,0.274,0.2745,1499
MGOL,1m,2/7/25 2:50,0.2743,0.2752,0.2736,0.2736,901
MGOL,1m,2/7/25 2:51,0.2735,0.2737,0.272,0.273,1131
MGOL,1m,2/7/25 2:52,0.272,0.2727,0.2699,0.27,2046
MGOL,1m,2/7/25 2:53,0.27,0.2719,0.2696,0.2719,952
MGOL,1m,2/7/25 2:54,0.2711,0.2757,0.2705,0.2757,784
MGOL,1m,2/7/25 2:55,0.2757,0.277,0.2725,0.273,265
MGOL,1m,2/7/25 2:56,0.2729,0.277,0.2721,0.274,740
MGOL,1m,2/7/25 2:57,0.2747,0.2761,0.2733,0.275,297
MGOL,1m,2/7/25 2:58,0.2746,0.2761,0.2744,0.2749,154
MGOL,1m,2/7/25 2:59,0.2749,0.2757,0.2744,0.2745,597
MGOL,1m,2/7/25 3:00,0.2746,0.2757,0.2745,0.2752,463
MGOL,1m,2/7/25 3:01,0.2748,0.2758,0.2746,0.2746,487
MGOL,1m,2/7/25 3:02,0.2746,0.2748,0.273,0.273,705
MGOL,1m,2/7/25 3:03,0.273,0.274,0.2718,0.2724,506
MGOL,1m,2/7/25 3:04,0.2729,0.273,0.2717,0.2728,532
MGOL,1m,2/7/25 3:05,0.2729,0.273,0.2702,0.2712,570
MGOL,1m,2/7/25 3:06,0.2712,0.273,0.27,0.2727,1098
MGOL,1m,2/7/25 3:07,0.2719,0.2748,0.2719,0.2727,432
MGOL,1m,2/7/25 3:08,0.273,0.275,0.2727,0.275,431
MGOL,1m,2/7/25 3:09,0.275,0.2751,0.2724,0.2725,403
MGOL,1m,2/7/25 3:10,0.274,0.2762,0.2727,0.275,327
MGOL,1m,2/7/25 3:11,0.275,0.2765,0.275,0.2762,318
MGOL,1m,2/7/25 3:12,0.2764,0.2765,0.2745,0.275,483
MGOL,1m,2/7/25 3:13,0.2749,0.2764,0.2744,0.2749,326
MGOL,1m,2/7/25 3:14,0.2759,0.2827,0.2744,0.2817,1089
MGOL,1m,2/7/25 3:15,0.2827,0.29,0.2813,0.2877,3013
MGOL,1m,2/7/25 3:16,0.2874,0.2926,0.285,0.2926,3081
MGOL,1m,2/7/25 3:17,0.2926,0.2949,0.2901,0.294,2211
MGOL,1m,2/7/25 3:18,0.2945,0.2971,0.2919,0.297,2729
MGOL,1m,2/7/25 3:19,0.2972,0.31,0.297,0.3036,9024
MGOL,1m,2/7/25 3:20,0.3021,0.3036,0.2946,0.2968,2858
MGOL,1m,2/7/25 3:21,0.2981,0.304,0.296,0.3015,2443
MGOL,1m,2/7/25 3:22,0.301,0.315,0.3009,0.3119,5917
MGOL,1m,2/7/25 3:23,0.312,0.314,0.3075,0.3103,4369
MGOL,1m,2/7/25 3:24,0.31,0.31,0.3031,0.305,2721
MGOL,1m,2/7/25 3:25,0.3041,0.305,0.3007,0.305,3329
MGOL,1m,2/7/25 3:26,0.3036,0.3145,0.3027,0.3095,4625
MGOL,1m,2/7/25 3:27,0.3089,0.3095,0.3012,0.309,2408
MGOL,1m,2/7/25 3:28,0.3073,0.315,0.3073,0.315,4194
MGOL,1m,2/7/25 3:29,0.3146,0.315,0.3016,0.3082,3940
MGOL,1m,2/7/25 3:30,0.3091,0.3135,0.306,0.3079,1552
MGOL,1m,2/7/25 3:31,0.3091,0.3095,0.3013,0.3044,2437
MGOL,1m,2/7/25 3:32,0.3044,0.3044,0.3,0.3025,4013
MGOL,1m,2/7/25 3:33,0.3025,0.3043,0.3007,0.3035,927
MGOL,1m,2/7/25 3:34,0.3035,0.3058,0.3011,0.303,1613
MGOL,1m,2/7/25 3:35,0.3013,0.3031,0.295,0.2964,2557
MGOL,1m,2/7/25 3:36,0.2952,0.298,0.2933,0.295,2400
MGOL,1m,2/7/25 3:37,0.2967,0.298,0.293,0.2941,1497
MGOL,1m,2/7/25 3:38,0.2925,0.2954,0.2823,0.2833,3752
MGOL,1m,2/7/25 3:39,0.282,0.3036,0.2811,0.3,4184
MGOL,1m,2/7/25 3:40,0.3019,0.31,0.3,0.3067,2843
MGOL,1m,2/7/25 3:41,0.3067,0.307,0.3019,0.302,1330
MGOL,1m,2/7/25 3:42,0.302,0.3055,0.3015,0.3019,1139
MGOL,1m,2/7/25 3:43,0.3019,0.3019,0.2913,0.2966,1572
MGOL,1m,2/7/25 3:44,0.295,0.2989,0.284,0.287,2746
MGOL,1m,2/7/25 3:45,0.2867,0.2986,0.2867,0.2976,1534
MGOL,1m,2/7/25 3:46,0.2976,0.3066,0.293,0.2953,1109
MGOL,1m,2/7/25 3:47,0.293,0.2957,0.2923,0.2928,509
MGOL,1m,2/7/25 3:48,0.2928,0.2979,0.287,0.2915,1478
MGOL,1m,2/7/25 3:49,0.2915,0.2957,0.29,0.2933,510
MGOL,1m,2/7/25 3:50,0.2933,0.2986,0.2933,0.2983,558
MGOL,1m,2/7/25 3:51,0.2963,0.2999,0.2944,0.2961,1293
MGOL,1m,2/7/25 3:52,0.2972,0.2989,0.296,0.2987,1132
MGOL,1m,2/7/25 3:53,0.2983,0.3013,0.2901,0.291,1736
MGOL,1m,2/7/25 3:54,0.2901,0.2957,0.2901,0.2901,660
MGOL,1m,2/7/25 3:55,0.2901,0.2945,0.2901,0.2936,364
MGOL,1m,2/7/25 3:56,0.294,0.2944,0.2906,0.2938,760
MGOL,1m,2/7/25 3:57,0.2938,0.2958,0.291,0.294,295
MGOL,1m,2/7/25 3:58,0.294,0.3012,0.294,0.2972,1271
MGOL,1m,2/7/25 3:59,0.2972,0.3019,0.295,0.3005,895
MGOL,1m,2/7/25 4:00,0.3007,0.307,0.2913,0.2941,5214
MGOL,1m,2/7/25 4:01,0.2972,0.31,0.2941,0.308,4005
MGOL,1m,2/7/25 4:02,0.3096,0.31,0.3027,0.3071,8488
MGOL,1m,2/7/25 4:03,0.3071,0.325,0.3065,0.324,22799
MGOL,1m,2/7/25 4:04,0.3229,0.3299,0.318,0.3283,15313
MGOL,1m,2/7/25 4:05,0.3281,0.329,0.32,0.323,5970
MGOL,1m,2/7/25 4:06,0.323,0.323,0.31,0.3131,5874
MGOL,1m,2/7/25 4:07,0.3131,0.3167,0.3071,0.3144,3862
MGOL,1m,2/7/25 4:08,0.3131,0.32,0.3101,0.3159,3692
MGOL,1m,2/7/25 4:09,0.3159,0.3299,0.3151,0.3298,9005
MGOL,1m,2/7/25 4:10,0.3298,0.335,0.3205,0.3349,13143
MGOL,1m,2/7/25 4:11,0.3349,0.3448,0.3346,0.34,14747
MGOL,1m,2/7/25 4:12,0.3409,0.351,0.3399,0.3471,23139
MGOL,1m,2/7/25 4:13,0.3486,0.3521,0.3432,0.3513,16124
MGOL,1m,2/7/25 4:14,0.3503,0.3515,0.345,0.346,14658
MGOL,1m,2/7/25 4:15,0.346,0.3478,0.34,0.3436,7244
MGOL,1m,2/7/25 4:16,0.3442,0.3517,0.3424,0.3463,7872
MGOL,1m,2/7/25 4:17,0.3459,0.3594,0.345,0.3585,9541
MGOL,1m,2/7/25 4:18,0.3594,0.3711,0.3559,0.3673,20339
MGOL,1m,2/7/25 4:19,0.3672,0.3754,0.366,0.3754,17406
MGOL,1m,2/7/25 4:20,0.3746,0.376,0.3631,0.3732,20097
MGOL,1m,2/7/25 4:21,0.3724,0.3735,0.3657,0.3694,9171
MGOL,1m,2/7/25 4:22,0.369,0.372,0.3672,0.3682,10179
MGOL,1m,2/7/25 4:23,0.3681,0.3682,0.36,0.3628,7796
MGOL,1m,2/7/25 4:24,0.3628,0.382,0.36,0.3785,16799
MGOL,1m,2/7/25 4:25,0.3785,0.381,0.37,0.3795,12952
MGOL,1m,2/7/25 4:26,0.3797,0.38,0.37,0.371,10938
MGOL,1m,2/7/25 4:27,0.3712,0.3789,0.369,0.3702,8002
MGOL,1m,2/7/25 4:28,0.3705,0.3762,0.3667,0.3667,7795
MGOL,1m,2/7/25 4:29,0.367,0.373,0.3628,0.3668,5905
MGOL,1m,2/7/25 4:30,0.3665,0.3675,0.349,0.3514,13444
MGOL,1m,2/7/25 4:31,0.351,0.355,0.3456,0.3546,10217
MGOL,1m,2/7/25 4:32,0.3543,0.362,0.3532,0.3614,6334
MGOL,1m,2/7/25 4:33,0.3614,0.3626,0.3562,0.3577,5293
MGOL,1m,2/7/25 4:34,0.3562,0.3573,0.35,0.356,3852
MGOL,1m,2/7/25 4:35,0.356,0.3566,0.35,0.3566,4186
MGOL,1m,2/7/25 4:36,0.3559,0.3725,0.3559,0.3678,8150
MGOL,1m,2/7/25 4:37,0.3672,0.3801,0.3627,0.3728,11146
MGOL,1m,2/7/25 4:38,0.3728,0.3739,0.3681,0.373,6110
MGOL,1m,2/7/25 4:39,0.372,0.398,0.3719,0.3883,20335
MGOL,1m,2/7/25 4:40,0.388,0.397,0.3835,0.3918,16332
MGOL,1m,2/7/25 4:41,0.3917,0.394,0.39,0.3906,11691
MGOL,1m,2/7/25 4:42,0.3904,0.3918,0.3787,0.3787,8316
MGOL,1m,2/7/25 4:43,0.3798,0.384,0.3784,0.3829,5468
MGOL,1m,2/7/25 4:44,0.3829,0.383,0.379,0.383,4088
MGOL,1m,2/7/25 4:45,0.3833,0.4,0.3833,0.3993,15202
MGOL,1m,2/7/25 4:46,0.3995,0.405,0.3962,0.405,12654
MGOL,1m,2/7/25 4:47,0.4047,0.4054,0.3967,0.4014,11178
MGOL,1m,2/7/25 4:48,0.4005,0.4025,0.3967,0.3991,8522
MGOL,1m,2/7/25 4:49,0.3995,0.4088,0.3987,0.405,8847
MGOL,1m,2/7/25 4:50,0.405,0.415,0.405,0.4141,15071
MGOL,1m,2/7/25 4:51,0.414,0.417,0.41,0.4126,11748
MGOL,1m,2/7/25 4:52,0.4123,0.4221,0.412,0.4219,11415
MGOL,1m,2/7/25 4:53,0.421,0.423,0.3967,0.401,19713
MGOL,1m,2/7/25 4:54,0.4013,0.41,0.4007,0.4036,9565
MGOL,1m,2/7/25 4:55,0.4036,0.4189,0.4029,0.4172,6100
MGOL,1m,2/7/25 4:56,0.417,0.4354,0.415,0.4339,20663
MGOL,1m,2/7/25 4:57,0.4339,0.44,0.43,0.4332,12619
MGOL,1m,2/7/25 4:58,0.4347,0.4347,0.4258,0.4276,10513
MGOL,1m,2/7/25 4:59,0.428,0.445,0.4276,0.4427,12568
MGOL,1m,2/7/25 5:00,0.3245,0.4429,0.315,0.4181,116402
MGOL,1m,2/7/25 5:01,0.4162,0.4234,0.2788,0.3995,46091
MGOL,1m,2/7/25 5:02,0.351,0.4399,0.2782,0.4077,16535
MGOL,1m,2/7/25 5:03,0.4095,0.4126,0.2911,0.2991,14286
MGOL,1m,2/7/25 5:04,0.2992,0.406,0.2921,0.3981,25347
MGOL,1m,2/7/25 5:05,0.3987,0.4108,0.2938,0.4082,14184
MGOL,1m,2/7/25 5:06,0.4095,0.4197,0.4082,0.4159,11005
MGOL,1m,2/7/25 5:07,0.4169,0.417,0.4091,0.4101,12194
MGOL,1m,2/7/25 5:08,0.4108,0.4108,0.393,0.3952,15320
MGOL,1m,2/7/25 5:09,0.3951,0.41,0.3933,0.401,8178
MGOL,1m,2/7/25 5:10,0.401,0.401,0.382,0.3879,8182
MGOL,1m,2/7/25 5:11,0.3879,0.388,0.3625,0.3663,24527
MGOL,1m,2/7/25 5:12,0.3668,0.38,0.3625,0.3798,17999
MGOL,1m,2/7/25 5:13,0.3797,0.3876,0.3794,0.387,8731
MGOL,1m,2/7/25 5:14,0.387,0.3997,0.3832,0.3997,11335
MGOL,1m,2/7/25 5:15,0.3983,0.41,0.3983,0.4077,13913
MGOL,1m,2/7/25 5:16,0.4071,0.4071,0.3936,0.3936,10990
MGOL,1m,2/7/25 5:17,0.3936,0.3958,0.3808,0.3916,10763
MGOL,1m,2/7/25 5:18,0.3919,0.3951,0.3905,0.3932,5113
MGOL,1m,2/7/25 5:19,0.394,0.4064,0.3937,0.4,7525
MGOL,1m,2/7/25 5:20,0.4011,0.402,0.3905,0.3947,7115
MGOL,1m,2/7/25 5:21,0.393,0.3979,0.385,0.3944,6048
MGOL,1m,2/7/25 5:22,0.3944,0.3979,0.3902,0.3946,3447
MGOL,1m,2/7/25 5:23,0.3945,0.3979,0.3905,0.392,7086
MGOL,1m,2/7/25 5:24,0.394,0.394,0.3661,0.3772,14857
MGOL,1m,2/7/25 5:25,0.3736,0.393,0.3736,0.3901,7385
MGOL,1m,2/7/25 5:26,0.3913,0.4,0.3899,0.397,7031
MGOL,1m,2/7/25 5:27,0.3968,0.3976,0.3836,0.3941,5067
MGOL,1m,2/7/25 5:28,0.3937,0.3939,0.384,0.3863,5017
MGOL,1m,2/7/25 5:29,0.3912,0.3912,0.38,0.3856,3495
MGOL,1m,2/7/25 5:30,0.3856,0.3856,0.3801,0.3839,1907
MGOL,1m,2/7/25 5:31,0.3839,0.3939,0.38,0.3909,6107
MGOL,1m,2/7/25 5:32,0.3908,0.3939,0.381,0.3938,3890
MGOL,1m,2/7/25 5:33,0.3939,0.3979,0.3938,0.3946,6147
MGOL,1m,2/7/25 5:34,0.3949,0.3979,0.3919,0.3976,7024
MGOL,1m,2/7/25 5:35,0.3976,0.3979,0.3939,0.394,4533
MGOL,1m,2/7/25 5:36,0.394,0.395,0.39,0.392,2909
MGOL,1m,2/7/25 5:37,0.3919,0.392,0.3825,0.3851,4658
MGOL,1m,2/7/25 5:38,0.3849,0.39,0.3806,0.3872,3772
MGOL,1m,2/7/25 5:39,0.3879,0.388,0.3795,0.38,3284
MGOL,1m,2/7/25 5:40,0.38,0.3865,0.38,0.3865,5108
MGOL,1m,2/7/25 5:41,0.3865,0.3869,0.3794,0.3811,2656
MGOL,1m,2/7/25 5:42,0.381,0.385,0.381,0.3835,1883
MGOL,1m,2/7/25 5:43,0.3832,0.3844,0.3771,0.378,6133
MGOL,1m,2/7/25 5:44,0.3777,0.3794,0.3647,0.3699,14397
MGOL,1m,2/7/25 5:45,0.3698,0.3735,0.3648,0.371,10835
MGOL,1m,2/7/25 5:46,0.3723,0.3732,0.3521,0.3551,12923
MGOL,1m,2/7/25 5:47,0.3542,0.3594,0.35,0.358,17289
MGOL,1m,2/7/25 5:48,0.358,0.364,0.3579,0.3609,7266
MGOL,1m,2/7/25 5:49,0.3609,0.3699,0.36,0.3699,5213
MGOL,1m,2/7/25 5:50,0.3699,0.3704,0.3675,0.37,4265
MGOL,1m,2/7/25 5:51,0.3692,0.378,0.3692,0.3772,4716
MGOL,1m,2/7/25 5:52,0.3779,0.3887,0.3772,0.387,12537
MGOL,1m,2/7/25 5:53,0.388,0.3925,0.3845,0.3851,13892
MGOL,1m,2/7/25 5:54,0.3851,0.3898,0.385,0.3883,6587
MGOL,1m,2/7/25 5:55,0.3883,0.3885,0.3815,0.3836,6997
MGOL,1m,2/7/25 5:56,0.3849,0.3898,0.3832,0.3882,3870
MGOL,1m,2/7/25 5:57,0.3883,0.398,0.3873,0.395,8982
MGOL,1m,2/7/25 5:58,0.3966,0.4057,0.394,0.4034,14920
MGOL,1m,2/7/25 5:59,0.4034,0.4034,0.39,0.396,7460
MGOL,1m,2/7/25 6:00,0.3962,0.4003,0.396,0.3974,4576
MGOL,1m,2/7/25 6:01,0.3968,0.4049,0.3968,0.4048,6570
MGOL,1m,2/7/25 6:02,0.4048,0.44,0.4046,0.41,23448
MGOL,1m,2/7/25 6:03,0.412,0.415,0.4,0.401,16773
MGOL,1m,2/7/25 6:04,0.402,0.404,0.3988,0.4006,7346
MGOL,1m,2/7/25 6:05,0.4029,0.414,0.4019,0.4139,5855
MGOL,1m,2/7/25 6:06,0.4136,0.414,0.4039,0.4084,7919
MGOL,1m,2/7/25 6:07,0.406,0.4084,0.3978,0.4068,6349
MGOL,1m,2/7/25 6:08,0.4033,0.413,0.4002,0.4084,5975
MGOL,1m,2/7/25 6:09,0.4044,0.4078,0.4017,0.4042,2756
MGOL,1m,2/7/25 6:10,0.4041,0.4044,0.4015,0.4017,2927
MGOL,1m,2/7/25 6:11,0.4017,0.4044,0.3914,0.3926,7556
MGOL,1m,2/7/25 6:12,0.3914,0.4,0.3904,0.3938,3558
MGOL,1m,2/7/25 6:13,0.3911,0.3939,0.391,0.3926,3854
MGOL,1m,2/7/25 6:14,0.3926,0.3936,0.3901,0.3904,4477
MGOL,1m,2/7/25 6:15,0.3904,0.3932,0.39,0.3909,5100
MGOL,1m,2/7/25 6:16,0.3909,0.398,0.3909,0.3979,2721
MGOL,1m,2/7/25 6:17,0.3974,0.409,0.3958,0.4049,7837
MGOL,1m,2/7/25 6:18,0.4049,0.43,0.4021,0.423,21904
MGOL,1m,2/7/25 6:19,0.4237,0.44,0.4154,0.4183,15094
MGOL,1m,2/7/25 6:20,0.4183,0.42,0.4115,0.4115,5788
MGOL,1m,2/7/25 6:21,0.4115,0.4123,0.4017,0.404,9224
MGOL,1m,2/7/25 6:22,0.404,0.4129,0.4032,0.4123,4461
MGOL,1m,2/7/25 6:23,0.4106,0.4123,0.404,0.4049,4698
MGOL,1m,2/7/25 6:24,0.4048,0.4048,0.4009,0.4015,2737
MGOL,1m,2/7/25 6:25,0.4009,0.4037,0.39,0.4005,9500
MGOL,1m,2/7/25 6:26,0.4004,0.4043,0.3974,0.4,3795
MGOL,1m,2/7/25 6:27,0.4009,0.4009,0.387,0.3879,10857
MGOL,1m,2/7/25 6:28,0.3899,0.3939,0.385,0.393,3675
MGOL,1m,2/7/25 6:29,0.3926,0.3939,0.3919,0.392,5416
MGOL,1m,2/7/25 6:30,0.3919,0.4,0.3693,0.3891,71384
MGOL,1m,2/7/25 6:31,0.389,0.3902,0.3421,0.3519,83675
MGOL,1m,2/7/25 6:32,0.352,0.368,0.35,0.365,50553
MGOL,1m,2/7/25 6:33,0.365,0.39,0.3637,0.3899,45198
MGOL,1m,2/7/25 6:34,0.3899,0.4147,0.3889,0.4135,82522
MGOL,1m,2/7/25 6:35,0.4134,0.4149,0.3978,0.3994,70597
MGOL,1m,2/7/25 6:36,0.3993,0.42,0.389,0.4073,80816
MGOL,1m,2/7/25 6:37,0.4077,0.4078,0.3959,0.4,45326
MGOL,1m,2/7/25 6:38,0.4,0.4004,0.36,0.3761,62967
MGOL,1m,2/7/25 6:39,0.3761,0.3771,0.365,0.3656,38627
MGOL,1m,2/7/25 6:40,0.367,0.375,0.36,0.3715,29401
MGOL,1m,2/7/25 6:41,0.371,0.3767,0.3685,0.3711,36060
MGOL,1m,2/7/25 6:42,0.3711,0.379,0.37,0.3774,28736
MGOL,1m,2/7/25 6:43,0.3783,0.379,0.375,0.375,20536
MGOL,1m,2/7/25 6:44,0.375,0.3778,0.35,0.3594,43357
MGOL,1m,2/7/25 6:45,0.3594,0.3594,0.3335,0.3422,57007
MGOL,1m,2/7/25 6:46,0.3422,0.3438,0.325,0.3337,54681
MGOL,1m,2/7/25 6:47,0.3333,0.3402,0.3303,0.3402,22800
MGOL,1m,2/7/25 6:48,0.3402,0.3449,0.3388,0.3432,24370
MGOL,1m,2/7/25 6:49,0.3432,0.344,0.335,0.3365,17864
MGOL,1m,2/7/25 6:50,0.3365,0.3456,0.3327,0.3455,16575
MGOL,1m,2/7/25 6:51,0.3455,0.352,0.3437,0.3489,20458
MGOL,1m,2/7/25 6:52,0.3494,0.35,0.3431,0.3432,13881
MGOL,1m,2/7/25 6:53,0.3431,0.3461,0.342,0.3451,11629
MGOL,1m,2/7/25 6:54,0.345,0.3461,0.336,0.3414,18847
MGOL,1m,2/7/25 6:55,0.3413,0.3483,0.3413,0.3461,11545
MGOL,1m,2/7/25 6:56,0.3457,0.3518,0.3453,0.347,15545
MGOL,1m,2/7/25 6:57,0.348,0.348,0.335,0.3376,21099
MGOL,1m,2/7/25 6:58,0.3373,0.3394,0.3362,0.3365,9908
MGOL,1m,2/7/25 6:59,0.3364,0.3366,0.321,0.3227,35344
MGOL,1m,2/7/25 7:00,0.3228,0.3228,0.3104,0.3153,42359
MGOL,1m,2/7/25 7:01,0.3162,0.3198,0.3111,0.3114,16584
MGOL,1m,2/7/25 7:02,0.3111,0.3162,0.311,0.3134,19348
MGOL,1m,2/7/25 7:03,0.3132,0.3138,0.2869,0.3004,56572
MGOL,1m,2/7/25 7:04,0.3004,0.3014,0.2825,0.2932,52568
MGOL,1m,2/7/25 7:05,0.2932,0.2956,0.2855,0.289,24583
MGOL,1m,2/7/25 7:06,0.2891,0.2998,0.2884,0.2966,26590
MGOL,1m,2/7/25 7:07,0.2974,0.3057,0.296,0.3034,28749
MGOL,1m,2/7/25 7:08,0.3039,0.3088,0.3031,0.3081,18936
MGOL,1m,2/7/25 7:09,0.3065,0.3175,0.3065,0.3171,22570
MGOL,1m,2/7/25 7:10,0.3171,0.32,0.315,0.3184,31961
MGOL,1m,2/7/25 7:11,0.3184,0.32,0.305,0.3111,20750
MGOL,1m,2/7/25 7:12,0.312,0.312,0.305,0.311,9262
MGOL,1m,2/7/25 7:13,0.311,0.3148,0.3078,0.3148,6047
MGOL,1m,2/7/25 7:14,0.3148,0.3201,0.3145,0.3181,21586
MGOL,1m,2/7/25 7:15,0.319,0.321,0.315,0.3191,17597
MGOL,1m,2/7/25 7:16,0.3191,0.3254,0.3191,0.3236,22817
MGOL,1m,2/7/25 7:17,0.323,0.3275,0.32,0.3221,18582
MGOL,1m,2/7/25 7:18,0.322,0.3254,0.32,0.3237,9604
MGOL,1m,2/7/25 7:19,0.3237,0.324,0.3111,0.3112,17651
MGOL,1m,2/7/25 7:20,0.3116,0.3129,0.3057,0.3058,12802
MGOL,1m,2/7/25 7:21,0.3057,0.3177,0.3054,0.3177,9825
MGOL,1m,2/7/25 7:22,0.3175,0.3201,0.3137,0.3201,9340
MGOL,1m,2/7/25 7:23,0.3201,0.3248,0.32,0.3234,9026
MGOL,1m,2/7/25 7:24,0.3228,0.3233,0.3145,0.3213,5673
MGOL,1m,2/7/25 7:25,0.3212,0.3213,0.3193,0.3197,4910
MGOL,1m,2/7/25 7:26,0.32,0.32,0.317,0.3198,5713
MGOL,1m,2/7/25 7:27,0.3198,0.32,0.3179,0.3179,3633
MGOL,1m,2/7/25 7:28,0.3182,0.33,0.3179,0.3293,16501
MGOL,1m,2/7/25 7:29,0.3293,0.33,0.3241,0.3281,17431
MGOL,1m,2/7/25 7:30,0.3267,0.33,0.3255,0.3296,16700
MGOL,1m,2/7/25 7:31,0.3292,0.3317,0.3276,0.3317,19629
MGOL,1m,2/7/25 7:32,0.332,0.3331,0.33,0.3313,16085
MGOL,1m,2/7/25 7:33,0.3312,0.335,0.3306,0.3349,15891
MGOL,1m,2/7/25 7:34,0.3349,0.335,0.3328,0.3339,12976
MGOL,1m,2/7/25 7:35,0.334,0.3345,0.3145,0.3196,19004
MGOL,1m,2/7/25 7:36,0.3193,0.324,0.315,0.3186,8729
MGOL,1m,2/7/25 7:37,0.3185,0.3186,0.311,0.3173,10340
MGOL,1m,2/7/25 7:38,0.3163,0.3182,0.3162,0.3177,2770
MGOL,1m,2/7/25 7:39,0.318,0.318,0.31,0.3101,6571
MGOL,1m,2/7/25 7:40,0.3101,0.3163,0.307,0.3149,7988
MGOL,1m,2/7/25 7:41,0.315,0.32,0.314,0.32,4715
MGOL,1m,2/7/25 7:42,0.3199,0.32,0.317,0.3194,3768
MGOL,1m,2/7/25 7:43,0.3195,0.3195,0.31,0.3131,6121
MGOL,1m,2/7/25 7:44,0.3131,0.3203,0.313,0.3195,6586
MGOL,1m,2/7/25 7:45,0.3195,0.32,0.316,0.3186,3599
MGOL,1m,2/7/25 7:46,0.3183,0.32,0.3167,0.32,4181
MGOL,1m,2/7/25 7:47,0.32,0.32,0.315,0.3158,5245
MGOL,1m,2/7/25 7:48,0.3159,0.3167,0.3123,0.3153,4303
MGOL,1m,2/7/25 7:49,0.3158,0.3179,0.3125,0.314,3360
MGOL,1m,2/7/25 7:50,0.3139,0.3159,0.3131,0.3133,4161
MGOL,1m,2/7/25 7:51,0.3134,0.3148,0.3062,0.3063,7516
MGOL,1m,2/7/25 7:52,0.3063,0.3124,0.3041,0.3067,9148
MGOL,1m,2/7/25 7:53,0.3062,0.3245,0.3062,0.3134,5027
MGOL,1m,2/7/25 7:54,0.3137,0.3178,0.3135,0.3154,4640
MGOL,1m,2/7/25 7:55,0.3166,0.3199,0.315,0.319,3517
MGOL,1m,2/7/25 7:56,0.3191,0.325,0.3191,0.3215,10655
MGOL,1m,2/7/25 7:57,0.3217,0.325,0.3215,0.325,6899
MGOL,1m,2/7/25 7:58,0.3248,0.3248,0.3176,0.3176,6652
MGOL,1m,2/7/25 7:59,0.3179,0.324,0.317,0.3228,4612
MGOL,1m,2/7/25 8:00,0.3228,0.3254,0.3228,0.3249,12021
MGOL,1m,2/7/25 8:01,0.325,0.3317,0.3249,0.3312,16504
MGOL,1m,2/7/25 8:02,0.3314,0.332,0.327,0.3275,10746
MGOL,1m,2/7/25 8:03,0.3275,0.3391,0.327,0.3386,13246
MGOL,1m,2/7/25 8:04,0.3386,0.342,0.3362,0.3405,23622
MGOL,1m,2/7/25 8:05,0.341,0.3433,0.331,0.3333,16420
MGOL,1m,2/7/25 8:06,0.3325,0.3362,0.331,0.3344,9296
MGOL,1m,2/7/25 8:07,0.3343,0.3433,0.3325,0.3432,15578
MGOL,1m,2/7/25 8:08,0.3432,0.35,0.3427,0.3475,30104
MGOL,1m,2/7/25 8:09,0.348,0.35,0.3345,0.3419,27026
MGOL,1m,2/7/25 8:10,0.3437,0.346,0.3399,0.345,11757
MGOL,1m,2/7/25 8:11,0.345,0.3561,0.345,0.3501,27943
MGOL,1m,2/7/25 8:12,0.3503,0.3559,0.3452,0.3484,24380
MGOL,1m,2/7/25 8:13,0.3485,0.3485,0.34,0.3431,14398
MGOL,1m,2/7/25 8:14,0.3431,0.3479,0.3363,0.3443,15535
MGOL,1m,2/7/25 8:15,0.3466,0.3499,0.3419,0.348,14329
MGOL,1m,2/7/25 8:16,0.348,0.3511,0.3442,0.3459,15172
MGOL,1m,2/7/25 8:17,0.3445,0.3535,0.3445,0.3484,10262
MGOL,1m,2/7/25 8:18,0.3489,0.349,0.3387,0.3391,12009
MGOL,1m,2/7/25 8:19,0.3388,0.345,0.3365,0.3417,7366
MGOL,1m,2/7/25 8:20,0.3423,0.3475,0.34,0.3475,5156
MGOL,1m,2/7/25 8:21,0.3461,0.3477,0.341,0.341,8718
MGOL,1m,2/7/25 8:22,0.3411,0.3448,0.3387,0.3434,11546
MGOL,1m,2/7/25 8:23,0.3429,0.345,0.3373,0.3376,10815
MGOL,1m,2/7/25 8:24,0.3375,0.34,0.3373,0.3375,8196
MGOL,1m,2/7/25 8:25,0.3375,0.3376,0.3282,0.3283,17667
MGOL,1m,2/7/25 8:26,0.3283,0.3332,0.3266,0.3324,10826
MGOL,1m,2/7/25 8:27,0.3324,0.3356,0.33,0.3355,5331
MGOL,1m,2/7/25 8:28,0.3355,0.3385,0.3333,0.3377,5743
MGOL,1m,2/7/25 8:29,0.3373,0.34,0.3356,0.3379,5060
MGOL,1m,2/7/25 8:30,0.3383,0.3391,0.332,0.3322,5295
MGOL,1m,2/7/25 8:31,0.3321,0.3323,0.3272,0.3296,4466
MGOL,1m,2/7/25 8:32,0.3293,0.332,0.3262,0.3266,5088
MGOL,1m,2/7/25 8:33,0.3264,0.33,0.326,0.3299,6020
MGOL,1m,2/7/25 8:34,0.3296,0.334,0.3294,0.3328,3996
MGOL,1m,2/7/25 8:35,0.3324,0.3325,0.3265,0.3276,3040
MGOL,1m,2/7/25 8:36,0.3279,0.3297,0.3275,0.3278,2126
MGOL,1m,2/7/25 8:37,0.3276,0.3277,0.32,0.3229,7312
MGOL,1m,2/7/25 8:38,0.323,0.3247,0.3227,0.3229,5684
MGOL,1m,2/7/25 8:39,0.3229,0.3247,0.3214,0.323,4044
MGOL,1m,2/7/25 8:40,0.3231,0.3283,0.3225,0.3274,5316
MGOL,1m,2/7/25 8:41,0.3274,0.3329,0.3234,0.3329,4518
MGOL,1m,2/7/25 8:42,0.3327,0.3339,0.3314,0.3319,3975
MGOL,1m,2/7/25 8:43,0.3325,0.3328,0.33,0.3326,5702
MGOL,1m,2/7/25 8:44,0.3326,0.337,0.3317,0.3344,5477
MGOL,1m,2/7/25 8:45,0.3329,0.3344,0.3302,0.3326,2724
MGOL,1m,2/7/25 8:46,0.3327,0.338,0.3327,0.3371,8557
MGOL,1m,2/7/25 8:47,0.3371,0.3372,0.3348,0.3353,2901
MGOL,1m,2/7/25 8:48,0.3352,0.337,0.3331,0.3332,2934
MGOL,1m,2/7/25 8:49,0.3331,0.3332,0.3285,0.3317,3617
MGOL,1m,2/7/25 8:50,0.3318,0.337,0.3314,0.3333,6741
MGOL,1m,2/7/25 8:51,0.3331,0.3367,0.3329,0.3361,2294
MGOL,1m,2/7/25 8:52,0.336,0.35,0.336,0.347,17717
MGOL,1m,2/7/25 8:53,0.347,0.3695,0.347,0.3596,40297
MGOL,1m,2/7/25 8:54,0.3595,0.3729,0.3556,0.3673,25586
MGOL,1m,2/7/25 8:55,0.368,0.378,0.3632,0.37,27693
MGOL,1m,2/7/25 8:56,0.3695,0.3713,0.3644,0.3649,23985
MGOL,1m,2/7/25 8:57,0.3648,0.3649,0.3565,0.3584,20394
MGOL,1m,2/7/25 8:58,0.358,0.3605,0.3536,0.3572,16165
MGOL,1m,2/7/25 8:59,0.3572,0.3663,0.3567,0.3624,16968
MGOL,1m,2/7/25 9:00,0.3633,0.3633,0.3554,0.358,12066
MGOL,1m,2/7/25 9:01,0.358,0.3623,0.3546,0.3595,8628
MGOL,1m,2/7/25 9:02,0.3595,0.3635,0.3561,0.3571,8958
MGOL,1m,2/7/25 9:03,0.3571,0.3585,0.35,0.3512,17495
MGOL,1m,2/7/25 9:04,0.3513,0.3539,0.3476,0.352,12678
MGOL,1m,2/7/25 9:05,0.352,0.3573,0.352,0.3552,8194
MGOL,1m,2/7/25 9:06,0.3551,0.362,0.355,0.3609,10971
MGOL,1m,2/7/25 9:07,0.3591,0.3628,0.355,0.3609,12716
MGOL,1m,2/7/25 9:08,0.3605,0.367,0.3605,0.3661,15001
MGOL,1m,2/7/25 9:09,0.3669,0.369,0.363,0.3689,10141
MGOL,1m,2/7/25 9:10,0.368,0.3767,0.367,0.3742,23544
MGOL,1m,2/7/25 9:11,0.3746,0.38,0.3632,0.3674,30214
MGOL,1m,2/7/25 9:12,0.3689,0.3882,0.3648,0.3845,36046
MGOL,1m,2/7/25 9:13,0.385,0.41,0.3821,0.405,87184
MGOL,1m,2/7/25 9:14,0.405,0.4064,0.3941,0.398,29326
MGOL,1m,2/7/25 9:15,0.3971,0.3976,0.39,0.3932,26764
MGOL,1m,2/7/25 9:16,0.3932,0.3989,0.39,0.392,21415
MGOL,1m,2/7/25 9:17,0.3929,0.4058,0.39,0.3951,28422
MGOL,1m,2/7/25 9:18,0.3947,0.3952,0.3858,0.388,16855
MGOL,1m,2/7/25 9:19,0.3881,0.39,0.3837,0.39,15207
MGOL,1m,2/7/25 9:20,0.39,0.3905,0.3801,0.3813,18938
MGOL,1m,2/7/25 9:21,0.3832,0.3841,0.3729,0.3791,20368
MGOL,1m,2/7/25 9:22,0.3781,0.379,0.3698,0.37,21220
MGOL,1m,2/7/25 9:23,0.3698,0.375,0.3663,0.374,20919
MGOL,1m,2/7/25 9:24,0.3737,0.387,0.3736,0.381,16209
MGOL,1m,2/7/25 9:25,0.3807,0.3847,0.3795,0.3826,14406
MGOL,1m,2/7/25 9:26,0.3826,0.3846,0.377,0.3775,8279
MGOL,1m,2/7/25 9:27,0.377,0.39,0.3769,0.3867,15522
MGOL,1m,2/7/25 9:28,0.3877,0.403,0.3834,0.3884,11645
MGOL,1m,2/7/25 9:29,0.3883,0.4052,0.3861,0.4034,21603
MGOL,1m,2/7/25 9:30,0.4035,0.4073,0.3871,0.3871,35804
MGOL,1m,2/7/25 9:31,0.3879,0.393,0.3826,0.3874,17321
MGOL,1m,2/7/25 9:32,0.3876,0.3877,0.383,0.3854,8436
MGOL,1m,2/7/25 9:33,0.3857,0.39,0.3853,0.3893,11184
MGOL,1m,2/7/25 9:34,0.389,0.3896,0.3718,0.3721,16744
MGOL,1m,2/7/25 9:35,0.3724,0.379,0.372,0.3723,10086
MGOL,1m,2/7/25 9:36,0.3721,0.3721,0.3568,0.3612,28738
MGOL,1m,2/7/25 9:37,0.3609,0.3698,0.3605,0.3661,9411
MGOL,1m,2/7/25 9:38,0.3671,0.376,0.3671,0.3739,7015
MGOL,1m,2/7/25 9:39,0.375,0.3787,0.3732,0.3761,9814
MGOL,1m,2/7/25 9:40,0.3763,0.3799,0.3732,0.3791,5797
MGOL,1m,2/7/25 9:41,0.3795,0.38,0.3746,0.3772,9750
MGOL,1m,2/7/25 9:42,0.377,0.379,0.376,0.377,4082
MGOL,1m,2/7/25 9:43,0.3773,0.3859,0.3771,0.3817,11547
MGOL,1m,2/7/25 9:44,0.3817,0.3832,0.368,0.3703,9042
MGOL,1m,2/7/25 9:45,0.3705,0.38,0.3705,0.3783,3909
MGOL,1m,2/7/25 9:46,0.3773,0.382,0.375,0.3773,7646
MGOL,1m,2/7/25 9:47,0.3772,0.3815,0.3736,0.3737,7334
MGOL,1m,2/7/25 9:48,0.3735,0.3769,0.3718,0.3734,2846
MGOL,1m,2/7/25 9:49,0.3738,0.3743,0.3703,0.371,4875
MGOL,1m,2/7/25 9:50,0.3707,0.387,0.3632,0.383,16352
MGOL,1m,2/7/25 9:51,0.3849,0.3866,0.3807,0.3847,10563
MGOL,1m,2/7/25 9:52,0.3852,0.3853,0.3768,0.3785,6179
MGOL,1m,2/7/25 9:53,0.3789,0.3804,0.3726,0.376,7826
MGOL,1m,2/7/25 9:54,0.3771,0.378,0.3732,0.378,8546
MGOL,1m,2/7/25 9:55,0.3773,0.384,0.3726,0.3754,18984
MGOL,1m,2/7/25 9:56,0.3734,0.3755,0.3669,0.369,12515
MGOL,1m,2/7/25 9:57,0.3677,0.3732,0.3649,0.371,7545
MGOL,1m,2/7/25 9:58,0.3715,0.3716,0.36,0.3627,10023
MGOL,1m,2/7/25 9:59,0.3627,0.366,0.3607,0.3613,6031
MGOL,1m,2/7/25 10:00,0.3611,0.3692,0.3607,0.3675,5362
MGOL,1m,2/7/25 10:01,0.3673,0.369,0.365,0.3652,2845
MGOL,1m,2/7/25 10:02,0.3651,0.369,0.365,0.3673,3094
MGOL,1m,2/7/25 10:03,0.3674,0.3674,0.365,0.3651,5036
MGOL,1m,2/7/25 10:04,0.3662,0.3698,0.362,0.3698,5875
MGOL,1m,2/7/25 10:05,0.369,0.3783,0.3659,0.3757,10332
MGOL,1m,2/7/25 10:06,0.3755,0.3783,0.3754,0.3759,6857
MGOL,1m,2/7/25 10:07,0.3762,0.3763,0.365,0.369,5228
MGOL,1m,2/7/25 10:08,0.3704,0.375,0.3704,0.3748,3805
MGOL,1m,2/7/25 10:09,0.3748,0.3748,0.3717,0.3729,2408
MGOL,1m,2/7/25 10:10,0.373,0.379,0.3718,0.3757,6604
MGOL,1m,2/7/25 10:11,0.3755,0.379,0.37,0.3711,4821
MGOL,1m,2/7/25 10:12,0.371,0.3766,0.37,0.3717,4160
MGOL,1m,2/7/25 10:13,0.3724,0.3745,0.3703,0.372,2945
MGOL,1m,2/7/25 10:14,0.372,0.383,0.3654,0.3715,26592
MGOL,1m,2/7/25 10:15,0.3685,0.3703,0.35,0.358,24350
MGOL,1m,2/7/25 10:16,0.3576,0.3578,0.35,0.3501,11865
MGOL,1m,2/7/25 10:17,0.3501,0.36,0.3456,0.358,13228
MGOL,1m,2/7/25 10:18,0.358,0.36,0.355,0.3582,4268
MGOL,1m,2/7/25 10:19,0.3585,0.36,0.355,0.3558,7674
MGOL,1m,2/7/25 10:20,0.355,0.358,0.352,0.3533,4224
MGOL,1m,2/7/25 10:21,0.353,0.3598,0.3519,0.3565,4132
MGOL,1m,2/7/25 10:22,0.355,0.3593,0.3533,0.3534,3164
MGOL,1m,2/7/25 10:23,0.3534,0.358,0.3532,0.3563,2985
MGOL,1m,2/7/25 10:24,0.3553,0.3563,0.3513,0.3517,5614
MGOL,1m,2/7/25 10:25,0.3516,0.3549,0.3513,0.3526,2436
MGOL,1m,2/7/25 10:26,0.3528,0.3531,0.3455,0.3455,9441
MGOL,1m,2/7/25 10:27,0.3456,0.3501,0.3444,0.3477,6005
MGOL,1m,2/7/25 10:28,0.3477,0.3526,0.3476,0.3521,4538
MGOL,1m,2/7/25 10:29,0.3514,0.3535,0.3474,0.35,2280
MGOL,1m,2/7/25 10:30,0.35,0.355,0.35,0.3549,3804
MGOL,1m,2/7/25 10:31,0.3549,0.355,0.3509,0.3535,5151
MGOL,1m,2/7/25 10:32,0.354,0.3551,0.3509,0.3515,2689
MGOL,1m,2/7/25 10:33,0.3539,0.3576,0.3521,0.3524,4293
MGOL,1m,2/7/25 10:34,0.3525,0.3585,0.3521,0.3569,3560
MGOL,1m,2/7/25 10:35,0.357,0.3571,0.354,0.354,2009
MGOL,1m,2/7/25 10:36,0.3542,0.3543,0.351,0.354,2795
MGOL,1m,2/7/25 10:37,0.3543,0.358,0.354,0.358,2457
MGOL,1m,2/7/25 10:38,0.3579,0.3594,0.357,0.3586,1947
MGOL,1m,2/7/25 10:39,0.3583,0.3662,0.3583,0.3652,8257
MGOL,1m,2/7/25 10:40,0.3651,0.3662,0.3624,0.3634,5160
MGOL,1m,2/7/25 10:41,0.3628,0.3629,0.36,0.3613,2485
MGOL,1m,2/7/25 10:42,0.3611,0.3641,0.36,0.3622,1903
MGOL,1m,2/7/25 10:43,0.3625,0.3649,0.3622,0.3643,3353
MGOL,1m,2/7/25 10:44,0.3648,0.3648,0.362,0.3626,2483
MGOL,1m,2/7/25 10:45,0.3622,0.3645,0.36,0.3629,5289
MGOL,1m,2/7/25 10:46,0.3634,0.3684,0.3614,0.3661,4330
MGOL,1m,2/7/25 10:47,0.3661,0.3761,0.3661,0.3752,9381
MGOL,1m,2/7/25 10:48,0.3762,0.3825,0.3729,0.381,11973
MGOL,1m,2/7/25 10:49,0.381,0.3843,0.377,0.3786,8951
MGOL,1m,2/7/25 10:50,0.3785,0.38,0.377,0.38,6713
MGOL,1m,2/7/25 10:51,0.38,0.382,0.377,0.3775,5554
MGOL,1m,2/7/25 10:52,0.377,0.3776,0.3703,0.3706,6383
MGOL,1m,2/7/25 10:53,0.3702,0.3767,0.3702,0.375,4951
MGOL,1m,2/7/25 10:54,0.3759,0.38,0.3751,0.377,4900
MGOL,1m,2/7/25 10:55,0.3769,0.377,0.372,0.3746,2399
MGOL,1m,2/7/25 10:56,0.3747,0.3775,0.3745,0.3774,3336
MGOL,1m,2/7/25 10:57,0.3774,0.3774,0.3705,0.372,4853
MGOL,1m,2/7/25 10:58,0.3738,0.3739,0.3682,0.3691,2970
MGOL,1m,2/7/25 10:59,0.3685,0.3732,0.3646,0.3709,5817
MGOL,1m,2/7/25 11:00,0.3712,0.375,0.371,0.375,3726
MGOL,1m,2/7/25 11:01,0.375,0.375,0.3717,0.3718,2059
MGOL,1m,2/7/25 11:02,0.3717,0.372,0.368,0.3708,3664
MGOL,1m,2/7/25 11:03,0.3707,0.3725,0.3686,0.3697,2249
MGOL,1m,2/7/25 11:04,0.3686,0.3697,0.3606,0.3641,9283
MGOL,1m,2/7/25 11:05,0.364,0.3684,0.364,0.3673,1872
MGOL,1m,2/7/25 11:06,0.3671,0.3675,0.364,0.364,2932
MGOL,1m,2/7/25 11:07,0.3641,0.368,0.364,0.3662,3841
MGOL,1m,2/7/25 11:08,0.3659,0.369,0.362,0.3673,5484
MGOL,1m,2/7/25 11:09,0.3673,0.3732,0.3673,0.3726,8258
MGOL,1m,2/7/25 11:10,0.3728,0.379,0.3728,0.3764,9726
MGOL,1m,2/7/25 11:11,0.3765,0.3836,0.3735,0.3811,13368
MGOL,1m,2/7/25 11:12,0.3817,0.3817,0.374,0.3799,5834
MGOL,1m,2/7/25 11:13,0.3799,0.387,0.3767,0.3835,11743
MGOL,1m,2/7/25 11:14,0.3835,0.387,0.3834,0.3839,9741
MGOL,1m,2/7/25 11:15,0.3836,0.3837,0.3726,0.376,6906
MGOL,1m,2/7/25 11:16,0.375,0.3823,0.375,0.381,5909
MGOL,1m,2/7/25 11:17,0.3806,0.3905,0.3801,0.3861,20177
MGOL,1m,2/7/25 11:18,0.3876,0.3883,0.3801,0.3808,6921
MGOL,1m,2/7/25 11:19,0.3813,0.3828,0.374,0.38,11373
MGOL,1m,2/7/25 11:20,0.38,0.3801,0.3751,0.376,2860
MGOL,1m,2/7/25 11:21,0.3765,0.3799,0.3754,0.3765,3444
MGOL,1m,2/7/25 11:22,0.3766,0.3781,0.3701,0.3729,6667
MGOL,1m,2/7/25 11:23,0.3747,0.3785,0.373,0.375,3804
MGOL,1m,2/7/25 11:24,0.375,0.3776,0.3737,0.3768,2089
MGOL,1m,2/7/25 11:25,0.376,0.3775,0.372,0.3763,4444
MGOL,1m,2/7/25 11:26,0.3762,0.3762,0.3738,0.3751,3388
MGOL,1m,2/7/25 11:27,0.375,0.377,0.373,0.3762,2345
MGOL,1m,2/7/25 11:28,0.3761,0.377,0.3732,0.3752,3205
MGOL,1m,2/7/25 11:29,0.3748,0.376,0.371,0.3756,3926
MGOL,1m,2/7/25 11:30,0.376,0.3767,0.372,0.372,4803
MGOL,1m,2/7/25 11:31,0.3725,0.3744,0.372,0.3744,2077
MGOL,1m,2/7/25 11:32,0.3737,0.376,0.3728,0.3751,2633
MGOL,1m,2/7/25 11:33,0.3743,0.3836,0.3743,0.3836,9466
MGOL,1m,2/7/25 11:34,0.3824,0.387,0.3767,0.3781,14928
MGOL,1m,2/7/25 11:35,0.378,0.3815,0.3753,0.3753,5785
MGOL,1m,2/7/25 11:36,0.3754,0.3762,0.3636,0.3674,17287
MGOL,1m,2/7/25 11:37,0.3674,0.3683,0.355,0.361,16192
MGOL,1m,2/7/25 11:38,0.3626,0.3682,0.3601,0.361,6037
MGOL,1m,2/7/25 11:39,0.362,0.3649,0.3601,0.3634,2590
MGOL,1m,2/7/25 11:40,0.3632,0.3645,0.36,0.361,5133
MGOL,1m,2/7/25 11:41,0.3616,0.3645,0.361,0.3635,2956
MGOL,1m,2/7/25 11:42,0.3623,0.37,0.3623,0.3661,3882
MGOL,1m,2/7/25 11:43,0.3661,0.369,0.364,0.367,3010
MGOL,1m,2/7/25 11:44,0.367,0.367,0.3645,0.367,664
MGOL,1m,2/7/25 11:45,0.3667,0.367,0.3652,0.3669,1447
MGOL,1m,2/7/25 11:46,0.3669,0.3685,0.3652,0.3653,4678
MGOL,1m,2/7/25 11:47,0.3652,0.3687,0.3513,0.3579,9513
MGOL,1m,2/7/25 11:48,0.3579,0.3666,0.3573,0.3634,4813
MGOL,1m,2/7/25 11:49,0.3633,0.3642,0.3602,0.3611,2568
MGOL,1m,2/7/25 11:50,0.3612,0.3628,0.36,0.3601,3135
MGOL,1m,2/7/25 11:51,0.3601,0.3602,0.3576,0.3585,2156
MGOL,1m,2/7/25 11:52,0.3594,0.3594,0.355,0.3551,3573
MGOL,1m,2/7/25 11:53,0.3552,0.3568,0.35,0.3527,9268
MGOL,1m,2/7/25 11:54,0.3531,0.3532,0.35,0.3506,13292
MGOL,1m,2/7/25 11:55,0.3513,0.356,0.3505,0.355,3604
MGOL,1m,2/7/25 11:56,0.355,0.3577,0.355,0.3554,4369
MGOL,1m,2/7/25 11:57,0.3551,0.3582,0.3551,0.357,2370
MGOL,1m,2/7/25 11:58,0.357,0.357,0.3534,0.3535,2808
MGOL,1m,2/7/25 11:59,0.354,0.3561,0.35,0.355,12607
MGOL,1m,2/7/25 12:00,0.355,0.3577,0.352,0.3532,1767
MGOL,1m,2/7/25 12:01,0.353,0.3532,0.35,0.351,4514
MGOL,1m,2/7/25 12:02,0.352,0.3566,0.3516,0.3558,3099
MGOL,1m,2/7/25 12:03,0.3566,0.3566,0.355,0.355,834
MGOL,1m,2/7/25 12:04,0.3552,0.3653,0.3552,0.3622,6907
MGOL,1m,2/7/25 12:05,0.3639,0.3686,0.3622,0.365,5366
MGOL,1m,2/7/25 12:06,0.3646,0.367,0.3622,0.3663,4233
MGOL,1m,2/7/25 12:07,0.3662,0.3732,0.3637,0.3723,10152
MGOL,1m,2/7/25 12:08,0.3698,0.3836,0.3698,0.3799,26165
MGOL,1m,2/7/25 12:09,0.38,0.3825,0.374,0.3771,10019
MGOL,1m,2/7/25 12:10,0.3779,0.3824,0.3752,0.3822,11419
MGOL,1m,2/7/25 12:11,0.3821,0.3825,0.378,0.3791,7655
MGOL,1m,2/7/25 12:12,0.3798,0.3799,0.378,0.3788,2987
MGOL,1m,2/7/25 12:13,0.3788,0.385,0.3787,0.385,14939
MGOL,1m,2/7/25 12:14,0.3849,0.385,0.381,0.3811,6626
MGOL,1m,2/7/25 12:15,0.3811,0.3825,0.3725,0.376,7117
MGOL,1m,2/7/25 12:16,0.376,0.377,0.3732,0.3741,4176
MGOL,1m,2/7/25 12:17,0.3741,0.375,0.3708,0.3712,3074
MGOL,1m,2/7/25 12:18,0.3711,0.3787,0.371,0.3786,4313
MGOL,1m,2/7/25 12:19,0.3782,0.3784,0.3764,0.3771,2621
MGOL,1m,2/7/25 12:20,0.3771,0.396,0.377,0.3901,21906
MGOL,1m,2/7/25 12:21,0.396,0.405,0.3908,0.4043,34548
MGOL,1m,2/7/25 12:22,0.4043,0.4082,0.3953,0.3963,25437
MGOL,1m,2/7/25 12:23,0.3962,0.4043,0.3962,0.4,14059
MGOL,1m,2/7/25 12:24,0.399,0.414,0.399,0.4107,30659
MGOL,1m,2/7/25 12:25,0.4093,0.414,0.4032,0.404,12640
MGOL,1m,2/7/25 12:26,0.405,0.4132,0.4038,0.4093,22682
MGOL,1m,2/7/25 12:27,0.4098,0.4147,0.4049,0.4097,22331
MGOL,1m,2/7/25 12:28,0.4098,0.41,0.403,0.4033,13163
MGOL,1m,2/7/25 12:29,0.4049,0.4054,0.3888,0.3897,18522
MGOL,1m,2/7/25 12:30,0.39,0.3974,0.3888,0.3959,14328
MGOL,1m,2/7/25 12:31,0.3952,0.3967,0.392,0.3955,5867
MGOL,1m,2/7/25 12:32,0.3961,0.4043,0.3959,0.4015,12910
MGOL,1m,2/7/25 12:33,0.4015,0.4079,0.4015,0.4072,16037
MGOL,1m,2/7/25 12:34,0.406,0.4074,0.395,0.3999,13607
MGOL,1m,2/7/25 12:35,0.3998,0.4069,0.3991,0.4041,9563
MGOL,1m,2/7/25 12:36,0.4049,0.4069,0.401,0.4029,8029
MGOL,1m,2/7/25 12:37,0.4029,0.4035,0.3981,0.4015,12003
MGOL,1m,2/7/25 12:38,0.4022,0.403,0.394,0.3966,8963
MGOL,1m,2/7/25 12:39,0.397,0.4035,0.3968,0.4025,8595
MGOL,1m,2/7/25 12:40,0.4026,0.4029,0.3975,0.398,7649
MGOL,1m,2/7/25 12:41,0.3981,0.4129,0.3978,0.409,27736
MGOL,1m,2/7/25 12:42,0.409,0.4096,0.395,0.395,16959
MGOL,1m,2/7/25 12:43,0.3967,0.409,0.39,0.4045,21001
MGOL,1m,2/7/25 12:44,0.405,0.4133,0.404,0.4121,21269
MGOL,1m,2/7/25 12:45,0.4121,0.4129,0.4043,0.4099,13210
MGOL,1m,2/7/25 12:46,0.4099,0.4099,0.4043,0.4057,6086
MGOL,1m,2/7/25 12:47,0.4043,0.413,0.4036,0.413,20051
MGOL,1m,2/7/25 12:48,0.413,0.4136,0.4057,0.4057,11488
MGOL,1m,2/7/25 12:49,0.4057,0.4078,0.399,0.4071,16333
MGOL,1m,2/7/25 12:50,0.4068,0.4126,0.403,0.411,13945
MGOL,1m,2/7/25 12:51,0.41,0.4133,0.405,0.4095,11505
MGOL,1m,2/7/25 12:52,0.4095,0.4099,0.405,0.4079,7162
MGOL,1m,2/7/25 12:53,0.4079,0.4099,0.4015,0.4029,11620
MGOL,1m,2/7/25 12:54,0.4029,0.406,0.399,0.405,11674
MGOL,1m,2/7/25 12:55,0.405,0.41,0.4029,0.407,14830
MGOL,1m,2/7/25 12:56,0.407,0.413,0.4054,0.4123,20426
MGOL,1m,2/7/25 12:57,0.4123,0.4384,0.4123,0.4338,43825
MGOL,1m,2/7/25 12:58,0.4339,0.435,0.426,0.427,19720
MGOL,1m,2/7/25 12:59,0.4268,0.4347,0.4121,0.4191,27793
MGOL,1m,2/7/25 13:00,0.4216,0.4347,0.4147,0.43,11495
MGOL,1m,2/7/25 13:01,0.4313,0.434,0.4,0.4003,12732
MGOL,1m,2/7/25 13:02,0.4,0.415,0.387,0.4012,8777
MGOL,1m,2/7/25 13:03,0.4147,0.4181,0.4007,0.4146,3839
MGOL,1m,2/7/25 13:04,0.4123,0.4161,0.41,0.41,1657
MGOL,1m,2/7/25 13:05,0.412,0.4181,0.4052,0.417,4262
MGOL,1m,2/7/25 13:06,0.4173,0.4188,0.4109,0.4133,2851
MGOL,1m,2/7/25 13:07,0.4126,0.43,0.4123,0.4225,6074
MGOL,1m,2/7/25 13:08,0.4224,0.428,0.4151,0.42,5147
MGOL,1m,2/7/25 13:09,0.4176,0.4236,0.4147,0.4236,2689
MGOL,1m,2/7/25 13:10,0.4236,0.4319,0.4183,0.4264,8623
MGOL,1m,2/7/25 13:11,0.4264,0.4548,0.426,0.4505,25691
MGOL,1m,2/7/25 13:12,0.451,0.4787,0.45,0.4671,21552
MGOL,1m,2/7/25 13:13,0.4669,0.4838,0.4648,0.4798,17416
MGOL,1m,2/7/25 13:14,0.476,0.48,0.47,0.4799,16555
MGOL,1m,2/7/25 13:15,0.4799,0.4848,0.4595,0.4649,21459
MGOL,1m,2/7/25 13:16,0.4688,0.4689,0.4596,0.465,8236
MGOL,1m,2/7/25 13:17,0.4671,0.475,0.4671,0.4699,7610
MGOL,1m,2/7/25 13:18,0.4686,0.482,0.4686,0.4777,8742
MGOL,1m,2/7/25 13:19,0.4787,0.48,0.47,0.4733,10405
MGOL,1m,2/7/25 13:20,0.4701,0.4831,0.4696,0.481,12099
MGOL,1m,2/7/25 13:21,0.4821,0.49,0.4776,0.4818,11589
MGOL,1m,2/7/25 13:22,0.4816,0.4829,0.4769,0.48,8269
MGOL,1m,2/7/25 13:23,0.48,0.49,0.4786,0.4886,10667
MGOL,1m,2/7/25 13:24,0.49,0.494,0.485,0.4934,10156
MGOL,1m,2/7/25 13:25,0.4935,0.5044,0.4922,0.5043,20082
MGOL,1m,2/7/25 13:26,0.501,0.5239,0.5,0.5196,18148
MGOL,1m,2/7/25 13:27,0.516,0.525,0.5158,0.5201,15161
MGOL,1m,2/7/25 13:28,0.5225,0.543,0.52,0.5429,17589
MGOL,1m,2/7/25 13:29,0.543,0.543,0.51,0.5133,21766
MGOL,1m,2/7/25 13:30,0.5172,0.5172,0.51,0.51,9316
MGOL,1m,2/7/25 13:31,0.5101,0.54,0.51,0.534,14300
MGOL,1m,2/7/25 13:32,0.534,0.5407,0.53,0.5382,12990
MGOL,1m,2/7/25 13:33,0.538,0.539,0.5183,0.5223,9008
MGOL,1m,2/7/25 13:34,0.5228,0.5444,0.5203,0.5443,10358
MGOL,1m,2/7/25 13:35,0.5406,0.55,0.5362,0.545,16498
MGOL,1m,2/7/25 13:36,0.548,0.548,0.5233,0.5301,9444
MGOL,1m,2/7/25 13:37,0.5306,0.544,0.5303,0.5391,5726
MGOL,1m,2/7/25 13:38,0.5389,0.55,0.5346,0.5425,9127
MGOL,1m,2/7/25 13:39,0.5426,0.5478,0.5328,0.5369,8294
MGOL,1m,2/7/25 13:40,0.5369,0.5389,0.52,0.5225,14995
MGOL,1m,2/7/25 13:41,0.5211,0.5301,0.5188,0.5218,6906
MGOL,1m,2/7/25 13:42,0.5204,0.5211,0.49,0.5044,16397
MGOL,1m,2/7/25 13:43,0.5045,0.535,0.501,0.5251,7726
MGOL,1m,2/7/25 13:44,0.5222,0.528,0.52,0.522,5050
MGOL,1m,2/7/25 13:45,0.5244,0.5244,0.5183,0.5199,2798
MGOL,1m,2/7/25 13:46,0.5184,0.52,0.5022,0.5059,4138
MGOL,1m,2/7/25 13:47,0.5032,0.51,0.5023,0.5097,4731
MGOL,1m,2/7/25 13:48,0.5081,0.52,0.506,0.5156,4392
MGOL,1m,2/7/25 13:49,0.5138,0.518,0.506,0.5114,2133
MGOL,1m,2/7/25 13:50,0.5101,0.5135,0.5,0.5,4601
MGOL,1m,2/7/25 13:51,0.5009,0.51,0.5,0.5049,3463
MGOL,1m,2/7/25 13:52,0.505,0.505,0.4997,0.4997,4426
MGOL,1m,2/7/25 13:53,0.4997,0.4997,0.4852,0.4938,10843
MGOL,1m,2/7/25 13:54,0.491,0.4976,0.47,0.47,10446
MGOL,1m,2/7/25 13:55,0.47,0.4886,0.4671,0.4852,6976
MGOL,1m,2/7/25 13:56,0.486,0.49,0.4801,0.4899,3941
MGOL,1m,2/7/25 13:57,0.49,0.5,0.4852,0.499,5991
MGOL,1m,2/7/25 13:58,0.4997,0.505,0.499,0.5012,5385
MGOL,1m,2/7/25 13:59,0.5011,0.5023,0.485,0.485,5583
MGOL,1m,2/7/25 14:00,0.487,0.4941,0.485,0.4941,2189
MGOL,1m,2/7/25 14:01,0.4959,0.4959,0.49,0.4908,930
MGOL,1m,2/7/25 14:02,0.4908,0.494,0.48,0.4801,1812
MGOL,1m,2/7/25 14:03,0.48,0.49,0.4732,0.4883,5048
MGOL,1m,2/7/25 14:04,0.4884,0.498,0.4884,0.4919,2330
MGOL,1m,2/7/25 14:05,0.4909,0.4976,0.4909,0.4951,2129
MGOL,1m,2/7/25 14:06,0.4976,0.5006,0.4955,0.4988,2691
MGOL,1m,2/7/25 14:07,0.4986,0.4988,0.4928,0.4988,1340
MGOL,1m,2/7/25 14:08,0.4987,0.5088,0.4928,0.5,5221
MGOL,1m,2/7/25 14:09,0.4999,0.5045,0.4982,0.5017,1327
MGOL,1m,2/7/25 14:10,0.5005,0.5045,0.4927,0.4969,2877
MGOL,1m,2/7/25 14:11,0.4929,0.4974,0.485,0.4881,1526
MGOL,1m,2/7/25 14:12,0.488,0.49,0.4836,0.485,3590
MGOL,1m,2/7/25 14:13,0.4838,0.4839,0.47,0.4747,8889
MGOL,1m,2/7/25 14:14,0.474,0.489,0.473,0.481,3120
MGOL,1m,2/7/25 14:15,0.4827,0.4828,0.4755,0.4755,2200
MGOL,1m,2/7/25 14:16,0.4776,0.48,0.4755,0.4769,3668
MGOL,1m,2/7/25 14:17,0.477,0.477,0.469,0.469,3553
MGOL,1m,2/7/25 14:18,0.4697,0.4697,0.4608,0.4672,4834
MGOL,1m,2/7/25 14:19,0.4672,0.4699,0.465,0.4697,1324
MGOL,1m,2/7/25 14:20,0.4699,0.4699,0.46,0.4658,2952
MGOL,1m,2/7/25 14:21,0.4602,0.4657,0.4401,0.4429,5935
MGOL,1m,2/7/25 14:22,0.443,0.4441,0.4205,0.4327,15600
MGOL,1m,2/7/25 14:23,0.4327,0.438,0.431,0.4364,4526
MGOL,1m,2/7/25 14:24,0.4365,0.4441,0.436,0.4429,3201
MGOL,1m,2/7/25 14:25,0.443,0.4472,0.435,0.4355,4622
MGOL,1m,2/7/25 14:26,0.4354,0.4389,0.425,0.425,4245
MGOL,1m,2/7/25 14:27,0.425,0.4287,0.4245,0.4265,2409
MGOL,1m,2/7/25 14:28,0.4251,0.44,0.4241,0.4373,3565
MGOL,1m,2/7/25 14:29,0.4373,0.4445,0.42,0.4399,4171
MGOL,1m,2/7/25 14:30,0.44,0.44,0.42,0.4284,2083
MGOL,1m,2/7/25 14:31,0.4248,0.434,0.4247,0.432,1756
MGOL,1m,2/7/25 14:32,0.4313,0.4375,0.4312,0.4374,1299
MGOL,1m,2/7/25 14:33,0.4374,0.4413,0.4361,0.44,1930
MGOL,1m,2/7/25 14:34,0.44,0.4436,0.4364,0.4432,2115
MGOL,1m,2/7/25 14:35,0.4432,0.4437,0.4333,0.4397,2061
MGOL,1m,2/7/25 14:36,0.4369,0.4395,0.432,0.4354,1363
MGOL,1m,2/7/25 14:37,0.4353,0.4455,0.4243,0.4356,3130
MGOL,1m,2/7/25 14:38,0.435,0.4363,0.43,0.4357,668
MGOL,1m,2/7/25 14:39,0.4357,0.4357,0.4313,0.4354,589
MGOL,1m,2/7/25 14:40,0.4354,0.4355,0.4326,0.4338,537
MGOL,1m,2/7/25 14:41,0.4338,0.4338,0.432,0.4331,593
MGOL,1m,2/7/25 14:42,0.433,0.4389,0.4315,0.4371,1143
MGOL,1m,2/7/25 14:43,0.4387,0.4387,0.4341,0.4347,1210
MGOL,1m,2/7/25 14:44,0.4346,0.4347,0.4271,0.4298,2468
MGOL,1m,2/7/25 14:45,0.4298,0.4298,0.419,0.42,4601
MGOL,1m,2/7/25 14:46,0.4201,0.4201,0.4024,0.4024,4860
MGOL,1m,2/7/25 14:47,0.4025,0.4025,0.3868,0.3928,8739
MGOL,1m,2/7/25 14:48,0.3928,0.4,0.392,0.3989,5036
MGOL,1m,2/7/25 14:49,0.3989,0.4069,0.3976,0.4035,2917
MGOL,1m,2/7/25 14:50,0.4018,0.41,0.4015,0.4071,2202
MGOL,1m,2/7/25 14:51,0.4069,0.4075,0.4001,0.4046,1205
MGOL,1m,2/7/25 14:52,0.4046,0.4047,0.399,0.3998,2446
MGOL,1m,2/7/25 14:53,0.3998,0.4,0.395,0.3973,955
MGOL,1m,2/7/25 14:54,0.397,0.399,0.395,0.3989,1185
MGOL,1m,2/7/25 14:55,0.399,0.4054,0.399,0.4054,1057
MGOL,1m,2/7/25 14:56,0.406,0.41,0.406,0.4097,1449
MGOL,1m,2/7/25 14:57,0.4085,0.4098,0.4081,0.4097,963
MGOL,1m,2/7/25 14:58,0.4096,0.41,0.4001,0.4097,3173
MGOL,1m,2/7/25 14:59,0.41,0.41,0.4051,0.4086,652
MGOL,1m,2/7/25 15:00,0.4085,0.41,0.4085,0.41,2956
MGOL,1m,2/7/25 15:01,0.41,0.42,0.409,0.4189,4493
MGOL,1m,2/7/25 15:02,0.4186,0.419,0.4108,0.4123,972
MGOL,1m,2/7/25 15:03,0.415,0.43,0.4127,0.4232,1538
MGOL,1m,2/7/25 15:04,0.4288,0.45,0.425,0.44,3129
MGOL,1m,2/7/25 15:05,0.44,0.44,0.426,0.43,1884
MGOL,1m,2/7/25 15:06,0.4301,0.4371,0.43,0.437,1190
MGOL,1m,2/7/25 15:07,0.435,0.44,0.433,0.4399,1066
MGOL,1m,2/7/25 15:08,0.4405,0.453,0.4389,0.444,1088
MGOL,1m,2/7/25 15:09,0.444,0.4548,0.4407,0.45,1729
MGOL,1m,2/7/25 15:10,0.45,0.456,0.445,0.456,2166
MGOL,1m,2/7/25 15:11,0.4513,0.4575,0.445,0.45,1168
MGOL,1m,2/7/25 15:12,0.45,0.4535,0.4421,0.444,3972
MGOL,1m,2/7/25 15:13,0.444,0.46,0.4421,0.445,1226
MGOL,1m,2/7/25 15:14,0.4549,0.4549,0.4458,0.4498,556
MGOL,1m,2/7/25 15:15,0.446,0.4499,0.4421,0.4421,984
MGOL,1m,2/7/25 15:16,0.443,0.445,0.4408,0.445,392
MGOL,1m,2/7/25 15:17,0.445,0.4488,0.443,0.4439,481
MGOL,1m,2/7/25 15:18,0.4439,0.445,0.441,0.441,536
MGOL,1m,2/7/25 15:19,0.4439,0.45,0.4434,0.45,1223
MGOL,1m,2/7/25 15:20,0.45,0.45,0.445,0.45,152
MGOL,1m,2/7/25 15:21,0.4495,0.45,0.445,0.4494,510
MGOL,1m,2/7/25 15:22,0.4494,0.4494,0.4431,0.448,461
MGOL,1m,2/7/25 15:23,0.4461,0.451,0.445,0.4507,971
MGOL,1m,2/7/25 15:24,0.4507,0.451,0.4451,0.4499,284
MGOL,1m,2/7/25 15:25,0.4499,0.45,0.4452,0.4498,642
MGOL,1m,2/7/25 15:26,0.4499,0.45,0.4499,0.4499,388
MGOL,1m,2/7/25 15:27,0.45,0.45,0.446,0.4499,309
MGOL,1m,2/7/25 15:28,0.4462,0.45,0.4452,0.4494,106
MGOL,1m,2/7/25 15:29,0.4494,0.45,0.4463,0.4499,464
MGOL,1m,2/7/25 15:30,0.4499,0.4499,0.4457,0.4496,206
MGOL,1m,2/7/25 15:31,0.4453,0.4489,0.445,0.447,472
MGOL,1m,2/7/25 15:32,0.447,0.447,0.445,0.445,146
MGOL,1m,2/7/25 15:33,0.4469,0.4469,0.426,0.4311,1257
MGOL,1m,2/7/25 15:34,0.4314,0.434,0.4123,0.42,3043
MGOL,1m,2/7/25 15:35,0.4247,0.43,0.4123,0.4299,997
MGOL,1m,2/7/25 15:36,0.4299,0.438,0.4266,0.4339,267
MGOL,1m,2/7/25 15:37,0.4339,0.4349,0.4338,0.4349,157
MGOL,1m,2/7/25 15:38,0.4349,0.4498,0.4349,0.4483,1298
MGOL,1m,2/7/25 15:39,0.4484,0.4484,0.4235,0.4236,1157
MGOL,1m,2/7/25 15:40,0.4319,0.432,0.4278,0.4278,336
MGOL,1m,2/7/25 15:41,0.4299,0.43,0.425,0.4296,341
MGOL,1m,2/7/25 15:42,0.4265,0.4298,0.4238,0.4295,762
MGOL,1m,2/7/25 15:43,0.4258,0.4299,0.4258,0.4291,108
MGOL,1m,2/7/25 15:44,0.4289,0.432,0.4266,0.432,215
MGOL,1m,2/7/25 15:45,0.432,0.435,0.432,0.4349,39
MGOL,1m,2/7/25 15:46,0.434,0.434,0.43,0.4329,164
MGOL,1m,2/7/25 15:47,0.4325,0.4349,0.428,0.428,203
MGOL,1m,2/7/25 15:48,0.428,0.43,0.427,0.43,180
MGOL,1m,2/7/25 15:49,0.43,0.4339,0.4266,0.4266,107
MGOL,1m,2/7/25 15:50,0.4266,0.4298,0.4266,0.4295,87
MGOL,1m,2/7/25 15:51,0.4294,0.43,0.4275,0.4275,106
MGOL,1m,2/7/25 15:52,0.4267,0.4298,0.4266,0.4266,91
MGOL,1m,2/7/25 15:53,0.4294,0.4294,0.4266,0.427,174
MGOL,1m,2/7/25 15:54,0.4266,0.427,0.4265,0.4265,119
MGOL,1m,2/7/25 15:55,0.4258,0.4258,0.42,0.4228,334
MGOL,1m,2/7/25 15:56,0.422,0.4229,0.42,0.42,123
MGOL,1m,2/7/25 15:57,0.42,0.4201,0.416,0.419,972
MGOL,1m,2/7/25 15:58,0.419,0.4229,0.4123,0.4229,1096
MGOL,1m,2/7/25 15:59,0.4162,0.4229,0.4123,0.4151,926
MGOL,1m,2/7/25 16:00,0.4198,0.42,0.4142,0.4179,198
MGOL,1m,2/7/25 16:01,0.4162,0.423,0.4162,0.4229,29
MGOL,1m,2/7/25 16:02,0.4229,0.4252,0.42,0.4252,31
MGOL,1m,2/7/25 16:03,0.4252,0.434,0.4251,0.429,529
MGOL,1m,2/7/25 16:04,0.434,0.4379,0.418,0.4352,1216
MGOL,1m,2/7/25 16:05,0.4206,0.4359,0.4206,0.423,71
MGOL,1m,2/7/25 16:06,0.4255,0.4359,0.4255,0.4255,57
MGOL,1m,2/7/25 16:07,0.431,0.4359,0.4295,0.4359,216
MGOL,1m,2/7/25 16:08,0.4349,0.4401,0.432,0.44,367
MGOL,1m,2/7/25 16:09,0.44,0.4471,0.44,0.4448,309
MGOL,1m,2/7/25 16:10,0.445,0.445,0.4359,0.4434,211
MGOL,1m,2/7/25 16:11,0.4439,0.4439,0.436,0.4412,127
MGOL,1m,2/7/25 16:12,0.4412,0.4434,0.4385,0.4388,117
MGOL,1m,2/7/25 16:13,0.4399,0.4435,0.418,0.43,1583
MGOL,1m,2/7/25 16:14,0.43,0.43,0.4211,0.4274,148
MGOL,1m,2/7/25 16:15,0.425,0.4288,0.42,0.4288,161
MGOL,1m,2/7/25 16:16,0.425,0.4289,0.425,0.426,112
MGOL,1m,2/7/25 16:17,0.4283,0.4289,0.418,0.418,552
MGOL,1m,2/7/25 16:18,0.4258,0.4275,0.413,0.42,608
MGOL,1m,2/7/25 16:19,0.426,0.428,0.418,0.42,81
MGOL,1m,2/7/25 16:20,0.42,0.42,0.4199,0.42,71
MGOL,1m,2/7/25 16:21,0.42,0.424,0.418,0.4199,192
MGOL,1m,2/7/25 16:22,0.418,0.42,0.415,0.415,198
MGOL,1m,2/7/25 16:23,0.4135,0.415,0.41,0.415,444
MGOL,1m,2/7/25 16:24,0.415,0.4199,0.4149,0.415,229
MGOL,1m,2/7/25 16:25,0.4149,0.42,0.414,0.42,207
MGOL,1m,2/7/25 16:26,0.4189,0.425,0.4156,0.425,663
MGOL,1m,2/7/25 16:27,0.425,0.4268,0.4203,0.4203,353
MGOL,1m,2/7/25 16:28,0.425,0.4275,0.4203,0.4275,70
MGOL,1m,2/7/25 16:29,0.423,0.4251,0.42,0.4201,137
MGOL,1m,2/7/25 16:30,0.42,0.423,0.42,0.421,283
MGOL,1m,2/7/25 16:31,0.423,0.4275,0.421,0.425,292
MGOL,1m,2/7/25 16:32,0.4215,0.425,0.4215,0.4249,40
MGOL,1m,2/7/25 16:33,0.4249,0.4251,0.4221,0.4248,277
MGOL,1m,2/7/25 16:34,0.4249,0.425,0.4221,0.4222,63
MGOL,1m,2/7/25 16:35,0.4222,0.425,0.422,0.422,177
MGOL,1m,2/7/25 16:36,0.422,0.4275,0.422,0.4275,487
MGOL,1m,2/7/25 16:37,0.428,0.4394,0.425,0.43,557
MGOL,1m,2/7/25 16:38,0.43,0.4382,0.43,0.4311,274
MGOL,1m,2/7/25 16:39,0.4346,0.436,0.4304,0.4346,119
MGOL,1m,2/7/25 16:40,0.4336,0.438,0.4304,0.4325,317
MGOL,1m,2/7/25 16:41,0.4324,0.4388,0.4305,0.432,155
MGOL,1m,2/7/25 16:42,0.4321,0.4348,0.4301,0.4345,164
MGOL,1m,2/7/25 16:43,0.4316,0.4335,0.4302,0.4302,222
MGOL,1m,2/7/25 16:44,0.4302,0.434,0.4302,0.434,463
MGOL,1m,2/7/25 16:45,0.4339,0.436,0.4317,0.436,412
MGOL,1m,2/7/25 16:46,0.4359,0.44,0.4331,0.4348,1116
MGOL,1m,2/7/25 16:47,0.4349,0.435,0.4331,0.4348,578
MGOL,1m,2/7/25 16:48,0.4339,0.4349,0.432,0.432,831
MGOL,1m,2/7/25 16:49,0.432,0.433,0.4319,0.4319,261
MGOL,1m,2/7/25 16:50,0.4316,0.432,0.43,0.4301,612
MGOL,1m,2/7/25 16:51,0.43,0.4309,0.4278,0.4278,857
MGOL,1m,2/7/25 16:52,0.4278,0.435,0.4251,0.4281,955
MGOL,1m,2/7/25 16:53,0.43,0.435,0.428,0.4299,478
MGOL,1m,2/7/25 16:54,0.4299,0.43,0.4299,0.43,1034
MGOL,1m,2/7/25 16:55,0.4299,0.4361,0.4299,0.4349,929
MGOL,1m,2/7/25 16:56,0.4348,0.435,0.43,0.4301,641
MGOL,1m,2/7/25 16:57,0.43,0.435,0.4299,0.4343,1206
MGOL,1m,2/7/25 16:58,0.433,0.4345,0.4201,0.4299,2203
MGOL,1m,2/7/25 16:59,0.429,0.4295,0.4002,0.4003,3442